<?xml version="1.0" encoding="UTF-8"?> 
<?xml-stylesheet href="CoreNLP-to-HTML.xsl" type="text/xsl"?> 
<root> 
  <document> 
    <sentences> 
      <sentence id="1"> 
        <tokens> 
          <token id="1"> 
            <word>Bhavya</word> 
            <lemma>Bhavya</lemma> 
            <CharacterOffsetBegin>0</CharacterOffsetBegin> 
            <CharacterOffsetEnd>6</CharacterOffsetEnd> 
            <POS>NNP</POS> 
            <NER>ORGANIZATION</NER> 
          </token> 
          <token id="2"> 
            <word>'s</word> 
            <lemma>'s</lemma> 
            <CharacterOffsetBegin>6</CharacterOffsetBegin> 
            <CharacterOffsetEnd>8</CharacterOffsetEnd> 
            <POS>POS</POS> 
            <NER>O</NER> 
          </token> 
          <token id="3"> 
            <word>party</word> 
            <lemma>party</lemma> 
            <CharacterOffsetBegin>9</CharacterOffsetBegin> 
            <CharacterOffsetEnd>14</CharacterOffsetEnd> 
            <POS>NN</POS> 
            <NER>O</NER> 
          </token> 
          <token id="4"> 
            <word>is</word> 
            <lemma>be</lemma> 
            <CharacterOffsetBegin>15</CharacterOffsetBegin> 
            <CharacterOffsetEnd>17</CharacterOffsetEnd> 
            <POS>VBZ</POS> 
            <NER>O</NER> 
          </token> 
          <token id="5"> 
            <word>tomorrow</word> 
            <lemma>tomorrow</lemma> 
            <CharacterOffsetBegin>18</CharacterOffsetBegin> 
            <CharacterOffsetEnd>26</CharacterOffsetEnd> 
            <POS>NN</POS> 
            <NER>DATE</NER> 
            <NormalizedNER>OFFSET P1D</NormalizedNER> 
            <Timex tid="t1" type="DATE"/> 
          </token> 
          <token id="6"> 
            <word>and</word> 
            <lemma>and</lemma> 
            <CharacterOffsetBegin>27</CharacterOffsetBegin> 
            <CharacterOffsetEnd>30</CharacterOffsetEnd> 
            <POS>CC</POS> 
            <NER>O</NER> 
          </token> 
          <token id="7"> 
            <word>It</word> 
            <lemma>it</lemma> 
            <CharacterOffsetBegin>31</CharacterOffsetBegin> 
            <CharacterOffsetEnd>33</CharacterOffsetEnd> 
            <POS>PRP</POS> 
            <NER>O</NER> 
          </token> 
          <token id="8"> 
            <word>is</word> 
            <lemma>be</lemma> 
            <CharacterOffsetBegin>34</CharacterOffsetBegin> 
            <CharacterOffsetEnd>36</CharacterOffsetEnd> 
            <POS>VBZ</POS> 
            <NER>O</NER> 
          </token> 
          <token id="9"> 
            <word>in</word> 
            <lemma>in</lemma> 
            <CharacterOffsetBegin>37</CharacterOffsetBegin> 
            <CharacterOffsetEnd>39</CharacterOffsetEnd> 
            <POS>IN</POS> 
            <NER>O</NER> 
          </token> 
          <token id="10"> 
            <word>California</word> 
            <lemma>California</lemma> 
            <CharacterOffsetBegin>40</CharacterOffsetBegin> 
            <CharacterOffsetEnd>50</CharacterOffsetEnd> 
            <POS>NNP</POS> 
            <NER>LOCATION</NER> 
          </token> 
          <token id="11"> 
            <word>and</word> 
            <lemma>and</lemma> 
            <CharacterOffsetBegin>51</CharacterOffsetBegin> 
            <CharacterOffsetEnd>54</CharacterOffsetEnd> 
            <POS>CC</POS> 
            <NER>O</NER> 
          </token> 
          <token id="12"> 
            <word>Get</word> 
            <lemma>get</lemma> 
            <CharacterOffsetBegin>55</CharacterOffsetBegin> 
            <CharacterOffsetEnd>58</CharacterOffsetEnd> 
            <POS>VB</POS> 
            <NER>O</NER> 
          </token> 
          <token id="13"> 
            <word>ready</word> 
            <lemma>ready</lemma> 
            <CharacterOffsetBegin>59</CharacterOffsetBegin> 
            <CharacterOffsetEnd>64</CharacterOffsetEnd> 
            <POS>JJ</POS> 
            <NER>O</NER> 
          </token> 
          <token id="14"> 
            <word>for</word> 
            <lemma>for</lemma> 
            <CharacterOffsetBegin>65</CharacterOffsetBegin> 
            <CharacterOffsetEnd>68</CharacterOffsetEnd> 
            <POS>IN</POS> 
            <NER>O</NER> 
          </token> 
          <token id="15"> 
            <word>fun</word> 
            <lemma>fun</lemma> 
            <CharacterOffsetBegin>69</CharacterOffsetBegin> 
            <CharacterOffsetEnd>72</CharacterOffsetEnd> 
            <POS>NN</POS> 
            <NER>O</NER> 
          </token> 
          <token id="16"> 
            <word>beginning</word> 
            <lemma>beginning</lemma> 
            <CharacterOffsetBegin>73</CharacterOffsetBegin> 
            <CharacterOffsetEnd>82</CharacterOffsetEnd> 
            <POS>NN</POS> 
            <NER>O</NER> 
          </token> 
          <token id="17"> 
            <word>from</word> 
            <lemma>from</lemma> 
            <CharacterOffsetBegin>83</CharacterOffsetBegin> 
            <CharacterOffsetEnd>87</CharacterOffsetEnd> 
            <POS>IN</POS> 
            <NER>O</NER> 
          </token> 
          <token id="18"> 
            <word>5</word> 
            <lemma>5</lemma> 
            <CharacterOffsetBegin>88</CharacterOffsetBegin> 
            <CharacterOffsetEnd>89</CharacterOffsetEnd> 
            <POS>CD</POS> 
            <NER>TIME</NER> 
            <NormalizedNER>T17:00</NormalizedNER> 
            <Timex tid="t2" type="TIME">T17:00</Timex> 
          </token> 
          <token id="19"> 
            <word>PM</word> 
            <lemma>pm</lemma> 
            <CharacterOffsetBegin>90</CharacterOffsetBegin> 
            <CharacterOffsetEnd>92</CharacterOffsetEnd> 
            <POS>NN</POS> 
            <NER>TIME</NER> 
            <NormalizedNER>T17:00</NormalizedNER> 
            <Timex tid="t2" type="TIME">T17:00</Timex> 
          </token> 
          <token id="20"> 
            <word>.</word> 
            <lemma>.</lemma> 
            <CharacterOffsetBegin>92</CharacterOffsetBegin> 
            <CharacterOffsetEnd>93</CharacterOffsetEnd> 
            <POS>.</POS> 
            <NER>O</NER> 
          </token> 
        </tokens> 
        <parse>(ROOT (S (S (NP (NP (NNP Bhavya) (POS 's)) (NN party)) (VP (VBZ is) (NP-TMP (NN tomorrow)))) (CC and) (S (NP (PRP It)) (VP (VBZ is) (UCP (PP (IN in) (NP (NNP California))) (CC and) (S (VP (VB Get) (ADJP (JJ ready) (PP (IN for) (NP (NP (NN fun) (NN beginning)) (PP (IN from) (NP (CD 5) (NN PM))))))))))) (. .))) </parse> 
        <basic-dependencies> 
          <dep type="poss"> 
            <governor idx="3">party</governor> 
            <dependent idx="1">Bhavya</dependent> 
          </dep> 
          <dep type="possessive"> 
            <governor idx="1">Bhavya</governor> 
            <dependent idx="2">'s</dependent> 
          </dep> 
          <dep type="nsubj"> 
            <governor idx="4">is</governor> 
            <dependent idx="3">party</dependent> 
          </dep> 
          <dep type="tmod"> 
            <governor idx="4">is</governor> 
            <dependent idx="5">tomorrow</dependent> 
          </dep> 
          <dep type="cc"> 
            <governor idx="4">is</governor> 
            <dependent idx="6">and</dependent> 
          </dep> 
          <dep type="nsubj"> 
            <governor idx="8">is</governor> 
            <dependent idx="7">It</dependent> 
          </dep> 
          <dep type="conj"> 
            <governor idx="4">is</governor> 
            <dependent idx="8">is</dependent> 
          </dep> 
          <dep type="dep"> 
            <governor idx="8">is</governor> 
            <dependent idx="9">in</dependent> 
          </dep> 
          <dep type="pobj"> 
            <governor idx="9">in</governor> 
            <dependent idx="10">California</dependent> 
          </dep> 
          <dep type="cc"> 
            <governor idx="9">in</governor> 
            <dependent idx="11">and</dependent> 
          </dep> 
          <dep type="dep"> 
            <governor idx="13">ready</governor> 
            <dependent idx="12">Get</dependent> 
          </dep> 
          <dep type="conj"> 
            <governor idx="9">in</governor> 
            <dependent idx="13">ready</dependent> 
          </dep> 
          <dep type="prep"> 
            <governor idx="13">ready</governor> 
            <dependent idx="14">for</dependent> 
          </dep> 
          <dep type="nn"> 
            <governor idx="16">beginning</governor> 
            <dependent idx="15">fun</dependent> 
          </dep> 
          <dep type="pobj"> 
            <governor idx="14">for</governor> 
            <dependent idx="16">beginning</dependent> 
          </dep> 
          <dep type="prep"> 
            <governor idx="16">beginning</governor> 
            <dependent idx="17">from</dependent> 
          </dep> 
          <dep type="num"> 
            <governor idx="19">PM</governor> 
            <dependent idx="18">5</dependent> 
          </dep> 
          <dep type="pobj"> 
            <governor idx="17">from</governor> 
            <dependent idx="19">PM</dependent> 
          </dep> 
        </basic-dependencies> 
        <collapsed-dependencies> 
          <dep type="poss"> 
            <governor idx="3">party</governor> 
            <dependent idx="1">Bhavya</dependent> 
          </dep> 
          <dep type="nsubj"> 
            <governor idx="4">is</governor> 
            <dependent idx="3">party</dependent> 
          </dep> 
          <dep type="tmod"> 
            <governor idx="4">is</governor> 
            <dependent idx="5">tomorrow</dependent> 
          </dep> 
          <dep type="nsubj"> 
            <governor idx="8">is</governor> 
            <dependent idx="7">It</dependent> 
          </dep> 
          <dep type="conj_and"> 
            <governor idx="4">is</governor> 
            <dependent idx="8">is</dependent> 
          </dep> 
          <dep type="dep"> 
            <governor idx="8">is</governor> 
            <dependent idx="9">in</dependent> 
          </dep> 
          <dep type="pobj"> 
            <governor idx="9">in</governor> 
            <dependent idx="10">California</dependent> 
          </dep> 
          <dep type="dep"> 
            <governor idx="13">ready</governor> 
            <dependent idx="12">Get</dependent> 
          </dep> 
          <dep type="conj_and"> 
            <governor idx="9">in</governor> 
            <dependent idx="13">ready</dependent> 
          </dep> 
          <dep type="nn"> 
            <governor idx="16">beginning</governor> 
            <dependent idx="15">fun</dependent> 
          </dep> 
          <dep type="prep_for"> 
            <governor idx="13">ready</governor> 
            <dependent idx="16">beginning</dependent> 
          </dep> 
          <dep type="num"> 
            <governor idx="19">PM</governor> 
            <dependent idx="18">5</dependent> 
          </dep> 
          <dep type="prep_from"> 
            <governor idx="16">beginning</governor> 
            <dependent idx="19">PM</dependent> 
          </dep> 
        </collapsed-dependencies> 
        <collapsed-ccprocessed-dependencies> 
          <dep type="poss"> 
            <governor idx="3">party</governor> 
            <dependent idx="1">Bhavya</dependent> 
          </dep> 
          <dep type="nsubj"> 
            <governor idx="4">is</governor> 
            <dependent idx="3">party</dependent> 
          </dep> 
          <dep type="tmod"> 
            <governor idx="4">is</governor> 
            <dependent idx="5">tomorrow</dependent> 
          </dep> 
          <dep type="nsubj"> 
            <governor idx="8">is</governor> 
            <dependent idx="7">It</dependent> 
          </dep> 
          <dep type="conj_and"> 
            <governor idx="4">is</governor> 
            <dependent idx="8">is</dependent> 
          </dep> 
          <dep type="dep"> 
            <governor idx="8">is</governor> 
            <dependent idx="9">in</dependent> 
          </dep> 
          <dep type="pobj"> 
            <governor idx="9">in</governor> 
            <dependent idx="10">California</dependent> 
          </dep> 
          <dep type="dep"> 
            <governor idx="13">ready</governor> 
            <dependent idx="12">Get</dependent> 
          </dep> 
          <dep type="dep"> 
            <governor idx="8">is</governor> 
            <dependent idx="13">ready</dependent> 
          </dep> 
          <dep type="conj_and"> 
            <governor idx="9">in</governor> 
            <dependent idx="13">ready</dependent> 
          </dep> 
          <dep type="nn"> 
            <governor idx="16">beginning</governor> 
            <dependent idx="15">fun</dependent> 
          </dep> 
          <dep type="prep_for"> 
            <governor idx="13">ready</governor> 
            <dependent idx="16">beginning</dependent> 
          </dep> 
          <dep type="num"> 
            <governor idx="19">PM</governor> 
            <dependent idx="18">5</dependent> 
          </dep> 
          <dep type="prep_from"> 
            <governor idx="16">beginning</governor> 
            <dependent idx="19">PM</dependent> 
          </dep> 
        </collapsed-ccprocessed-dependencies> 
      </sentence> 
    </sentences> 
    <coreference> 
      <coreference> 
        <mention representative="true"> 
          <sentence>1</sentence> 
          <start>1</start> 
          <end>3</end> 
          <head>1</head> 
        </mention> 
        <mention> 
          <sentence>1</sentence> 
          <start>7</start> 
          <end>8</end> 
          <head>7</head> 
        </mention> 
      </coreference> 
    </coreference> 
  </document> 
</root> 
