<?xml version="1.0" encoding="UTF-8"?>
<?xml-stylesheet href="CoreNLP-to-HTML.xsl" type="text/xsl"?>
<root>
  <document>
    <sentences>
      <sentence id="1">
        <tokens>
          <token id="1">
            <word>bhavya</word>
            <lemma>bhavya</lemma>
            <CharacterOffsetBegin>0</CharacterOffsetBegin>
            <CharacterOffsetEnd>6</CharacterOffsetEnd>
            <POS>NN</POS>
            <NER>O</NER>
          </token>
          <token id="2">
            <word>'s</word>
            <lemma>'s</lemma>
            <CharacterOffsetBegin>6</CharacterOffsetBegin>
            <CharacterOffsetEnd>8</CharacterOffsetEnd>
            <POS>POS</POS>
            <NER>O</NER>
          </token>
          <token id="3">
            <word>party</word>
            <lemma>party</lemma>
            <CharacterOffsetBegin>9</CharacterOffsetBegin>
            <CharacterOffsetEnd>14</CharacterOffsetEnd>
            <POS>NN</POS>
            <NER>O</NER>
          </token>
          <token id="4">
            <word>is</word>
            <lemma>be</lemma>
            <CharacterOffsetBegin>15</CharacterOffsetBegin>
            <CharacterOffsetEnd>17</CharacterOffsetEnd>
            <POS>VBZ</POS>
            <NER>O</NER>
          </token>
          <token id="5">
            <word>tommorrow</word>
            <lemma>tommorrow</lemma>
            <CharacterOffsetBegin>18</CharacterOffsetBegin>
            <CharacterOffsetEnd>27</CharacterOffsetEnd>
            <POS>RB</POS>
            <NER>DATE</NER>
          </token>
        </tokens>
        <parse>(ROOT (S (NP (NP (NN bhavya) (POS 's)) (NN party)) (VP (VBZ is)
(ADVP (RB tommorrow))))) </parse>
        <basic-dependencies>
          <dep type="poss">
            <governor idx="3">party</governor>
            <dependent idx="1">bhavya</dependent>
          </dep>
          <dep type="possessive">
            <governor idx="1">bhavya</governor>
            <dependent idx="2">'s</dependent>
          </dep>
          <dep type="nsubj">
            <governor idx="4">is</governor>
            <dependent idx="3">party</dependent>
          </dep>
          <dep type="advmod">
            <governor idx="4">is</governor>
            <dependent idx="5">tommorrow</dependent>
          </dep>
        </basic-dependencies>
        <collapsed-dependencies>
          <dep type="poss">
            <governor idx="3">party</governor>
            <dependent idx="1">bhavya</dependent>
          </dep>
          <dep type="nsubj">
            <governor idx="4">is</governor>
            <dependent idx="3">party</dependent>
          </dep>
          <dep type="advmod">
            <governor idx="4">is</governor>
            <dependent idx="5">tommorrow</dependent>
          </dep>
        </collapsed-dependencies>
        <collapsed-ccprocessed-dependencies>
          <dep type="poss">
            <governor idx="3">party</governor>
            <dependent idx="1">bhavya</dependent>
          </dep>
          <dep type="nsubj">
            <governor idx="4">is</governor>
            <dependent idx="3">party</dependent>
          </dep>
          <dep type="advmod">
            <governor idx="4">is</governor>
            <dependent idx="5">tommorrow</dependent>
          </dep>
        </collapsed-ccprocessed-dependencies>
      </sentence>
    </sentences>
  </document>
</root>
