<?xml version="1.0" encoding="UTF-8"?>
<?xml-stylesheet href="CoreNLP-to-HTML.xsl" type="text/
xsl"?>
<root>
  <document>
    <sentences>
      <sentence id="1">
        <tokens>
          <token id="1">
            <word>Get</word>
            <lemma>get</lemma>
            <CharacterOffsetBegin>0</CharacterOffsetBegin>
            <CharacterOffsetEnd>3</CharacterOffsetEnd>
            <POS>VB</POS>
            <NER>O</NER>
          </token>
          <token id="2">
            <word>ready</word>
            <lemma>ready</lemma>
            <CharacterOffsetBegin>4</CharacterOffsetBegin>
            <CharacterOffsetEnd>9</CharacterOffsetEnd>
            <POS>JJ</POS>
            <NER>O</NER>
          </token>
          <token id="3">
            <word>for</word>
            <lemma>for</lemma>
            <CharacterOffsetBegin>10</CharacterOffsetBegin>
            <CharacterOffsetEnd>13</CharacterOffsetEnd>
            <POS>IN</POS>
            <NER>O</NER>
          </token>
          <token id="4">
            <word>fun</word>
            <lemma>fun</lemma>
            <CharacterOffsetBegin>14</CharacterOffsetBegin>
            <CharacterOffsetEnd>17</CharacterOffsetEnd>
            <POS>NN</POS>
            <NER>O</NER>
          </token>
          <token id="5">
            <word>beggining</word>
            <lemma>beggining</lemma>
            <CharacterOffsetBegin>18</CharacterOffsetBegin>
            <CharacterOffsetEnd>27</CharacterOffsetEnd>
            <POS>NN</POS>
            <NER>O</NER>
          </token>
          <token id="6">
            <word>from</word>
            <lemma>from</lemma>
            <CharacterOffsetBegin>28</CharacterOffsetBegin>
            <CharacterOffsetEnd>32</CharacterOffsetEnd>
            <POS>IN</POS>
            <NER>O</NER>
          </token>
          <token id="7">
            <word>5</word>
            <lemma>5</lemma>
            <CharacterOffsetBegin>33</CharacterOffsetBegin>
            <CharacterOffsetEnd>34</CharacterOffsetEnd>
            <POS>CD</POS>
            <NER>TIME</NER>
            <NormalizedNER>T17:00</NormalizedNER>
            <Timex tid="t1" type="TIME">T17:00</Timex>
          </token>
          <token id="8">
            <word>PM</word>
            <lemma>pm</lemma>
            <CharacterOffsetBegin>35</CharacterOffsetBegin>
            <CharacterOffsetEnd>37</CharacterOffsetEnd>
            <POS>NN</POS>
            <NER>TIME</NER>
            <NormalizedNER>T17:00</NormalizedNER>
            <Timex tid="t1" type="TIME">T17:00</Timex>
          </token>
        </tokens>
        <parse>(ROOT (S (VP (VB Get) (ADJP (JJ ready) (PP (IN for) (NP (NP (NN
fun) (NN beggining)) (PP (IN from) (NP (CD 5) (NN PM))))))))) </parse>
        <basic-dependencies>
          <dep type="dep">
            <governor idx="2">ready</governor>
            <dependent idx="1">Get</dependent>
          </dep>
          <dep type="prep">
            <governor idx="2">ready</governor>
            <dependent idx="3">for</dependent>
          </dep>
          <dep type="nn">
            <governor idx="5">beggining</governor>
            <dependent idx="4">fun</dependent>
          </dep>
          <dep type="pobj">
            <governor idx="3">for</governor>
            <dependent idx="5">beggining</dependent>
          </dep>
          <dep type="prep">
            <governor idx="5">beggining</governor>
            <dependent idx="6">from</dependent>
          </dep>
          <dep type="num">
            <governor idx="8">PM</governor>
            <dependent idx="7">5</dependent>
          </dep>
          <dep type="pobj">
            <governor idx="6">from</governor>
            <dependent idx="8">PM</dependent>
          </dep>
        </basic-dependencies>
        <collapsed-dependencies>
          <dep type="dep">
            <governor idx="2">ready</governor>
            <dependent idx="1">Get</dependent>
          </dep>
          <dep type="nn">
            <governor idx="5">beggining</governor>
            <dependent idx="4">fun</dependent>
          </dep>
          <dep type="prep_for">
            <governor idx="2">ready</governor>
            <dependent idx="5">beggining</dependent>
          </dep>
          <dep type="num">
            <governor idx="8">PM</governor>
            <dependent idx="7">5</dependent>
          </dep>
          <dep type="prep_from">
            <governor idx="5">beggining</governor>
            <dependent idx="8">PM</dependent>
          </dep>
        </collapsed-dependencies>
        <collapsed-ccprocessed-dependencies>
          <dep type="dep">
            <governor idx="2">ready</governor>
            <dependent idx="1">Get</dependent>
          </dep>
          <dep type="nn">
            <governor idx="5">beggining</governor>
            <dependent idx="4">fun</dependent>
          </dep>
          <dep type="prep_for">
            <governor idx="2">ready</governor>
            <dependent idx="5">beggining</dependent>
          </dep>
          <dep type="num">
            <governor idx="8">PM</governor>
            <dependent idx="7">5</dependent>
          </dep>
          <dep type="prep_from">
            <governor idx="5">beggining</governor>
            <dependent idx="8">PM</dependent>
          </dep>
        </collapsed-ccprocessed-dependencies>
      </sentence>
    </sentences>
  </document>
</root>
