<?xml version="1.0" encoding="UTF-8"?>
<?xml-stylesheet href="CoreNLP-to-HTML.xsl" type="text/
xsl"?>
<root>
  <document>
    <sentences>
      <sentence id="1">
        <tokens>
          <token id="1">
            <word>It</word>
            <lemma>it</lemma>
            <CharacterOffsetBegin>0</CharacterOffsetBegin>
            <CharacterOffsetEnd>2</CharacterOffsetEnd>
            <POS>PRP</POS>
            <NER>O</NER>
          </token>
          <token id="2">
            <word>is</word>
            <lemma>be</lemma>
            <CharacterOffsetBegin>3</CharacterOffsetBegin>
            <CharacterOffsetEnd>5</CharacterOffsetEnd>
            <POS>VBZ</POS>
            <NER>O</NER>
          </token>
          <token id="3">
            <word>at</word>
            <lemma>at</lemma>
            <CharacterOffsetBegin>6</CharacterOffsetBegin>
            <CharacterOffsetEnd>8</CharacterOffsetEnd>
            <POS>IN</POS>
            <NER>O</NER>
          </token>
          <token id="4">
            <word>california</word>
            <lemma>californium</lemma>
            <CharacterOffsetBegin>9</CharacterOffsetBegin>
            <CharacterOffsetEnd>19</CharacterOffsetEnd>
            <POS>NN</POS>
            <NER>LOCATION</NER>
          </token>
        </tokens>
        <parse>(ROOT (S (NP (PRP It)) (VP (VBZ is) (PP (IN at) (NP (NN
california)))))) </parse>
        <basic-dependencies>
          <dep type="nsubj">
            <governor idx="2">is</governor>
            <dependent idx="1">It</dependent>
          </dep>
          <dep type="prep">
            <governor idx="2">is</governor>
            <dependent idx="3">at</dependent>
          </dep>
          <dep type="pobj">
            <governor idx="3">at</governor>
            <dependent idx="4">california</dependent>
          </dep>
        </basic-dependencies>
        <collapsed-dependencies>
          <dep type="nsubj">
            <governor idx="2">is</governor>
            <dependent idx="1">It</dependent>
          </dep>
          <dep type="prep_at">
            <governor idx="2">is</governor>
            <dependent idx="4">california</dependent>
          </dep>
        </collapsed-dependencies>
        <collapsed-ccprocessed-dependencies>
          <dep type="nsubj">
            <governor idx="2">is</governor>
            <dependent idx="1">It</dependent>
          </dep>
          <dep type="prep_at">
            <governor idx="2">is</governor>
            <dependent idx="4">california</dependent>
          </dep>
        </collapsed-ccprocessed-dependencies>
      </sentence>
    </sentences>
  </document>
</root>
