<?xml version="1.0" encoding="UTF-8"?> 
<?xml-stylesheet href="CoreNLP-to-HTML.xsl" type="text/xsl"?> 
<root> 
  <document> 
    <sentences> 
      <sentence id="1"> 
        <tokens> 
          <token id="1"> 
            <word>The</word> 
            <lemma>the</lemma> 
            <CharacterOffsetBegin>0</CharacterOffsetBegin> 
            <CharacterOffsetEnd>3</CharacterOffsetEnd> 
            <POS>DT</POS> 
            <NER>O</NER> 
          </token> 
          <token id="2"> 
            <word>next</word> 
            <lemma>next</lemma> 
            <CharacterOffsetBegin>4</CharacterOffsetBegin> 
            <CharacterOffsetEnd>8</CharacterOffsetEnd> 
            <POS>JJ</POS> 
            <NER>O</NER> 
          </token> 
          <token id="3"> 
            <word>chemistry</word> 
            <lemma>chemistry</lemma> 
            <CharacterOffsetBegin>9</CharacterOffsetBegin> 
            <CharacterOffsetEnd>18</CharacterOffsetEnd> 
            <POS>NN</POS> 
            <NER>O</NER> 
          </token> 
          <token id="4"> 
            <word>lecture</word> 
            <lemma>lecture</lemma> 
            <CharacterOffsetBegin>19</CharacterOffsetBegin> 
            <CharacterOffsetEnd>26</CharacterOffsetEnd> 
            <POS>NN</POS> 
            <NER>O</NER> 
          </token> 
          <token id="5"> 
            <word>will</word> 
            <lemma>will</lemma> 
            <CharacterOffsetBegin>27</CharacterOffsetBegin> 
            <CharacterOffsetEnd>31</CharacterOffsetEnd> 
            <POS>MD</POS> 
            <NER>O</NER> 
          </token> 
          <token id="6"> 
            <word>be</word> 
            <lemma>be</lemma> 
            <CharacterOffsetBegin>32</CharacterOffsetBegin> 
            <CharacterOffsetEnd>34</CharacterOffsetEnd> 
            <POS>VB</POS> 
            <NER>O</NER> 
          </token> 
          <token id="7"> 
            <word>on</word> 
            <lemma>on</lemma> 
            <CharacterOffsetBegin>35</CharacterOffsetBegin> 
            <CharacterOffsetEnd>37</CharacterOffsetEnd> 
            <POS>IN</POS> 
            <NER>O</NER> 
          </token> 
          <token id="8"> 
            <word>8th</word> 
            <lemma>8th</lemma> 
            <CharacterOffsetBegin>38</CharacterOffsetBegin> 
            <CharacterOffsetEnd>41</CharacterOffsetEnd> 
            <POS>JJ</POS> 
            <NER>DATE</NER> 
            <NormalizedNER>2012-09-08</NormalizedNER> 
            <Timex tid="t1" type="DATE">2012-09-08</Timex> 
          </token> 
          <token id="9"> 
            <word>September</word> 
            <lemma>September</lemma> 
            <CharacterOffsetBegin>42</CharacterOffsetBegin> 
            <CharacterOffsetEnd>51</CharacterOffsetEnd> 
            <POS>NNP</POS> 
            <NER>DATE</NER> 
            <NormalizedNER>2012-09-08</NormalizedNER> 
            <Timex tid="t1" type="DATE">2012-09-08</Timex> 
          </token> 
          <token id="10"> 
            <word>,</word> 
            <lemma>,</lemma> 
            <CharacterOffsetBegin>51</CharacterOffsetBegin> 
            <CharacterOffsetEnd>52</CharacterOffsetEnd> 
            <POS>,</POS> 
            <NER>DATE</NER> 
            <NormalizedNER>2012-09-08</NormalizedNER> 
            <Timex tid="t1" type="DATE">2012-09-08</Timex> 
          </token> 
          <token id="11"> 
            <word>2012</word> 
            <lemma>2012</lemma> 
            <CharacterOffsetBegin>53</CharacterOffsetBegin> 
            <CharacterOffsetEnd>57</CharacterOffsetEnd> 
            <POS>CD</POS> 
            <NER>DATE</NER> 
            <NormalizedNER>2012-09-08</NormalizedNER> 
            <Timex tid="t1" type="DATE">2012-09-08</Timex> 
          </token> 
          <token id="12"> 
            <word>at</word> 
            <lemma>at</lemma> 
            <CharacterOffsetBegin>58</CharacterOffsetBegin> 
            <CharacterOffsetEnd>60</CharacterOffsetEnd> 
            <POS>IN</POS> 
            <NER>O</NER> 
          </token> 
          <token id="13"> 
            <word>L17</word> 
            <lemma>l17</lemma> 
            <CharacterOffsetBegin>61</CharacterOffsetBegin> 
            <CharacterOffsetEnd>64</CharacterOffsetEnd> 
            <POS>NN</POS> 
            <NER>O</NER> 
          </token> 
          <token id="14"> 
            <word>at</word> 
            <lemma>at</lemma> 
            <CharacterOffsetBegin>65</CharacterOffsetBegin> 
            <CharacterOffsetEnd>67</CharacterOffsetEnd> 
            <POS>IN</POS> 
            <NER>O</NER> 
          </token> 
          <token id="15"> 
            <word>8</word> 
            <lemma>8</lemma> 
            <CharacterOffsetBegin>68</CharacterOffsetBegin> 
            <CharacterOffsetEnd>69</CharacterOffsetEnd> 
            <POS>CD</POS> 
            <NER>TIME</NER> 
            <NormalizedNER>T08:00</NormalizedNER> 
            <Timex tid="t2" type="TIME">T08:00</Timex> 
          </token> 
          <token id="16"> 
            <word>AM</word> 
            <lemma>AM</lemma> 
            <CharacterOffsetBegin>70</CharacterOffsetBegin> 
            <CharacterOffsetEnd>72</CharacterOffsetEnd> 
            <POS>NNP</POS> 
            <NER>TIME</NER> 
            <NormalizedNER>T08:00</NormalizedNER> 
            <Timex tid="t2" type="TIME">T08:00</Timex> 
          </token> 
        </tokens> 
        <parse>(ROOT (S (NP (DT The) (JJ next) (NN chemistry) (NN lecture)) (VP (MD will) (VP (VB be) (PP (IN on) (NP (NP (JJ 8th) (NNP September)) (, ,) (NP (NP (NP (CD 2012)) (PP (IN at) (NP (NP (NN L17)) (PP (IN at) (NP (CD 8)))))) (NP (NNP AM))))))))) </parse> 
        <basic-dependencies> 
          <dep type="det"> 
            <governor idx="4">lecture</governor> 
            <dependent idx="1">The</dependent> 
          </dep> 
          <dep type="amod"> 
            <governor idx="4">lecture</governor> 
            <dependent idx="2">next</dependent> 
          </dep> 
          <dep type="nn"> 
            <governor idx="4">lecture</governor> 
            <dependent idx="3">chemistry</dependent> 
          </dep> 
          <dep type="nsubj"> 
            <governor idx="6">be</governor> 
            <dependent idx="4">lecture</dependent> 
          </dep> 
          <dep type="aux"> 
            <governor idx="6">be</governor> 
            <dependent idx="5">will</dependent> 
          </dep> 
          <dep type="prep"> 
            <governor idx="6">be</governor> 
            <dependent idx="7">on</dependent> 
          </dep> 
          <dep type="amod"> 
            <governor idx="9">September</governor> 
            <dependent idx="8">8th</dependent> 
          </dep> 
          <dep type="pobj"> 
            <governor idx="7">on</governor> 
            <dependent idx="9">September</dependent> 
          </dep> 
          <dep type="appos"> 
            <governor idx="9">September</governor> 
            <dependent idx="11">2012</dependent> 
          </dep> 
          <dep type="prep"> 
            <governor idx="11">2012</governor> 
            <dependent idx="12">at</dependent> 
          </dep> 
          <dep type="pobj"> 
            <governor idx="12">at</governor> 
            <dependent idx="13">L17</dependent> 
          </dep> 
          <dep type="prep"> 
            <governor idx="13">L17</governor> 
            <dependent idx="14">at</dependent> 
          </dep> 
          <dep type="pobj"> 
            <governor idx="14">at</governor> 
            <dependent idx="15">8</dependent> 
          </dep> 
          <dep type="dep"> 
            <governor idx="11">2012</governor> 
            <dependent idx="16">AM</dependent> 
          </dep> 
        </basic-dependencies> 
        <collapsed-dependencies> 
          <dep type="det"> 
            <governor idx="4">lecture</governor> 
            <dependent idx="1">The</dependent> 
          </dep> 
          <dep type="amod"> 
            <governor idx="4">lecture</governor> 
            <dependent idx="2">next</dependent> 
          </dep> 
          <dep type="nn"> 
            <governor idx="4">lecture</governor> 
            <dependent idx="3">chemistry</dependent> 
          </dep> 
          <dep type="nsubj"> 
            <governor idx="6">be</governor> 
            <dependent idx="4">lecture</dependent> 
          </dep> 
          <dep type="aux"> 
            <governor idx="6">be</governor> 
            <dependent idx="5">will</dependent> 
          </dep> 
          <dep type="amod"> 
            <governor idx="9">September</governor> 
            <dependent idx="8">8th</dependent> 
          </dep> 
          <dep type="prep_on"> 
            <governor idx="6">be</governor> 
            <dependent idx="9">September</dependent> 
          </dep> 
          <dep type="appos"> 
            <governor idx="9">September</governor> 
            <dependent idx="11">2012</dependent> 
          </dep> 
          <dep type="prep_at"> 
            <governor idx="11">2012</governor> 
            <dependent idx="13">L17</dependent> 
          </dep> 
          <dep type="prep_at"> 
            <governor idx="13">L17</governor> 
            <dependent idx="15">8</dependent> 
          </dep> 
          <dep type="dep"> 
            <governor idx="11">2012</governor> 
            <dependent idx="16">AM</dependent> 
          </dep> 
        </collapsed-dependencies> 
        <collapsed-ccprocessed-dependencies> 
          <dep type="det"> 
            <governor idx="4">lecture</governor> 
            <dependent idx="1">The</dependent> 
          </dep> 
          <dep type="amod"> 
            <governor idx="4">lecture</governor> 
            <dependent idx="2">next</dependent> 
          </dep> 
          <dep type="nn"> 
            <governor idx="4">lecture</governor> 
            <dependent idx="3">chemistry</dependent> 
          </dep> 
          <dep type="nsubj"> 
            <governor idx="6">be</governor> 
            <dependent idx="4">lecture</dependent> 
          </dep> 
          <dep type="aux"> 
            <governor idx="6">be</governor> 
            <dependent idx="5">will</dependent> 
          </dep> 
          <dep type="amod"> 
            <governor idx="9">September</governor> 
            <dependent idx="8">8th</dependent> 
          </dep> 
          <dep type="prep_on"> 
            <governor idx="6">be</governor> 
            <dependent idx="9">September</dependent> 
          </dep> 
          <dep type="appos"> 
            <governor idx="9">September</governor> 
            <dependent idx="11">2012</dependent> 
          </dep> 
          <dep type="prep_at"> 
            <governor idx="11">2012</governor> 
            <dependent idx="13">L17</dependent> 
          </dep> 
          <dep type="prep_at"> 
            <governor idx="13">L17</governor> 
            <dependent idx="15">8</dependent> 
          </dep> 
          <dep type="dep"> 
            <governor idx="11">2012</governor> 
            <dependent idx="16">AM</dependent> 
          </dep> 
        </collapsed-ccprocessed-dependencies> 
      </sentence> 
    </sentences> 
  </document> 
</root> 
