<?xml version="1.0" encoding="UTF-8"?> 
<?xml-stylesheet href="CoreNLP-to-HTML.xsl" type="text/xsl"?> 
<root> 
  <document> 
    <sentences> 
      <sentence id="1"> 
        <tokens> 
          <token id="1"> 
            <word>A</word> 
            <lemma>a</lemma> 
            <CharacterOffsetBegin>0</CharacterOffsetBegin> 
            <CharacterOffsetEnd>1</CharacterOffsetEnd> 
            <POS>DT</POS> 
            <NER>O</NER> 
          </token> 
          <token id="2"> 
            <word>meeting</word> 
            <lemma>meeting</lemma> 
            <CharacterOffsetBegin>2</CharacterOffsetBegin> 
            <CharacterOffsetEnd>9</CharacterOffsetEnd> 
            <POS>NN</POS> 
            <NER>O</NER> 
          </token> 
          <token id="3"> 
            <word>is</word> 
            <lemma>be</lemma> 
            <CharacterOffsetBegin>10</CharacterOffsetBegin> 
            <CharacterOffsetEnd>12</CharacterOffsetEnd> 
            <POS>VBZ</POS> 
            <NER>O</NER> 
          </token> 
          <token id="4"> 
            <word>scheduled</word> 
            <lemma>schedule</lemma> 
            <CharacterOffsetBegin>13</CharacterOffsetBegin> 
            <CharacterOffsetEnd>22</CharacterOffsetEnd> 
            <POS>VBN</POS> 
            <NER>O</NER> 
          </token> 
          <token id="5"> 
            <word>today</word> 
            <lemma>today</lemma> 
            <CharacterOffsetBegin>23</CharacterOffsetBegin> 
            <CharacterOffsetEnd>28</CharacterOffsetEnd> 
            <POS>NN</POS> 
            <NER>DATE</NER> 
            <NormalizedNER>THIS P1D INTERSECT T20:00</NormalizedNER> 
            <Timex tid="t1" type="DATE"/> 
          </token> 
          <token id="6"> 
            <word>at</word> 
            <lemma>at</lemma> 
            <CharacterOffsetBegin>29</CharacterOffsetBegin> 
            <CharacterOffsetEnd>31</CharacterOffsetEnd> 
            <POS>IN</POS> 
            <NER>DATE</NER> 
            <NormalizedNER>THIS P1D INTERSECT T20:00</NormalizedNER> 
            <Timex tid="t1" type="DATE"/> 
          </token> 
          <token id="7"> 
            <word>8:00</word> 
            <lemma>8:00</lemma> 
            <CharacterOffsetBegin>32</CharacterOffsetBegin> 
            <CharacterOffsetEnd>36</CharacterOffsetEnd> 
            <POS>CD</POS> 
            <NER>DATE</NER> 
            <NormalizedNER>THIS P1D INTERSECT T20:00</NormalizedNER> 
            <Timex tid="t1" type="DATE"/> 
          </token> 
          <token id="8"> 
            <word>pm</word> 
            <lemma>pm</lemma> 
            <CharacterOffsetBegin>36</CharacterOffsetBegin> 
            <CharacterOffsetEnd>38</CharacterOffsetEnd> 
            <POS>NN</POS> 
            <NER>DATE</NER> 
            <NormalizedNER>THIS P1D INTERSECT T20:00</NormalizedNER> 
            <Timex tid="t1" type="DATE"/> 
          </token> 
          <token id="9"> 
            <word>and</word> 
            <lemma>and</lemma> 
            <CharacterOffsetBegin>39</CharacterOffsetBegin> 
            <CharacterOffsetEnd>42</CharacterOffsetEnd> 
            <POS>CC</POS> 
            <NER>O</NER> 
          </token> 
          <token id="10"> 
            <word>Venue</word> 
            <lemma>Venue</lemma> 
            <CharacterOffsetBegin>43</CharacterOffsetBegin> 
            <CharacterOffsetEnd>48</CharacterOffsetEnd> 
            <POS>NNP</POS> 
            <NER>O</NER> 
          </token> 
          <token id="11"> 
            <word>FMC</word> 
            <lemma>FMC</lemma> 
            <CharacterOffsetBegin>49</CharacterOffsetBegin> 
            <CharacterOffsetEnd>52</CharacterOffsetEnd> 
            <POS>NNP</POS> 
            <NER>ORGANIZATION</NER> 
          </token> 
          <token id="12"> 
            <word>room</word> 
            <lemma>room</lemma> 
            <CharacterOffsetBegin>53</CharacterOffsetBegin> 
            <CharacterOffsetEnd>57</CharacterOffsetEnd> 
            <POS>NN</POS> 
            <NER>O</NER> 
          </token> 
          <token id="13"> 
            <word>,</word> 
            <lemma>,</lemma> 
            <CharacterOffsetBegin>57</CharacterOffsetBegin> 
            <CharacterOffsetEnd>58</CharacterOffsetEnd> 
            <POS>,</POS> 
            <NER>O</NER> 
          </token> 
          <token id="14"> 
            <word>New</word> 
            <lemma>New</lemma> 
            <CharacterOffsetBegin>59</CharacterOffsetBegin> 
            <CharacterOffsetEnd>62</CharacterOffsetEnd> 
            <POS>NNP</POS> 
            <NER>O</NER> 
          </token> 
          <token id="15"> 
            <word>SAC</word> 
            <lemma>sac</lemma> 
            <CharacterOffsetBegin>63</CharacterOffsetBegin> 
            <CharacterOffsetEnd>66</CharacterOffsetEnd> 
            <POS>NN</POS> 
            <NER>O</NER> 
          </token> 
          <token id="16"> 
            <word>and</word> 
            <lemma>and</lemma> 
            <CharacterOffsetBegin>67</CharacterOffsetBegin> 
            <CharacterOffsetEnd>70</CharacterOffsetEnd> 
            <POS>CC</POS> 
            <NER>O</NER> 
          </token> 
          <token id="17"> 
            <word>be</word> 
            <lemma>be</lemma> 
            <CharacterOffsetBegin>71</CharacterOffsetBegin> 
            <CharacterOffsetEnd>73</CharacterOffsetEnd> 
            <POS>VB</POS> 
            <NER>O</NER> 
          </token> 
          <token id="18"> 
            <word>there</word> 
            <lemma>there</lemma> 
            <CharacterOffsetBegin>74</CharacterOffsetBegin> 
            <CharacterOffsetEnd>79</CharacterOffsetEnd> 
            <POS>RB</POS> 
            <NER>O</NER> 
          </token> 
          <token id="19"> 
            <word>on</word> 
            <lemma>on</lemma> 
            <CharacterOffsetBegin>80</CharacterOffsetBegin> 
            <CharacterOffsetEnd>82</CharacterOffsetEnd> 
            <POS>IN</POS> 
            <NER>O</NER> 
          </token> 
          <token id="20"> 
            <word>time</word> 
            <lemma>time</lemma> 
            <CharacterOffsetBegin>83</CharacterOffsetBegin> 
            <CharacterOffsetEnd>87</CharacterOffsetEnd> 
            <POS>NN</POS> 
            <NER>O</NER> 
          </token> 
          <token id="21"> 
            <word>.</word> 
            <lemma>.</lemma> 
            <CharacterOffsetBegin>87</CharacterOffsetBegin> 
            <CharacterOffsetEnd>88</CharacterOffsetEnd> 
            <POS>.</POS> 
            <NER>O</NER> 
          </token> 
        </tokens> 
        <parse>(ROOT (S (NP (DT A) (NN meeting)) (VP (VBZ is) (VP (VP (VBN scheduled) (NP-TMP (NN today)) (PP (IN at) (NP (NP (CD 8:00) (NN pm)) (CC and) (NP (NP (NNP Venue) (NNP FMC) (NN room)) (, ,) (NP (NNP New) (NN SAC)))))) (CC and) (VP (VB be) (ADVP (RB there)) (PP (IN on) (NP (NN time)))))) (. .))) </parse> 
        <basic-dependencies> 
          <dep type="det"> 
            <governor idx="2">meeting</governor> 
            <dependent idx="1">A</dependent> 
          </dep> 
          <dep type="nsubjpass"> 
            <governor idx="4">scheduled</governor> 
            <dependent idx="2">meeting</dependent> 
          </dep> 
          <dep type="auxpass"> 
            <governor idx="4">scheduled</governor> 
            <dependent idx="3">is</dependent> 
          </dep> 
          <dep type="tmod"> 
            <governor idx="4">scheduled</governor> 
            <dependent idx="5">today</dependent> 
          </dep> 
          <dep type="prep"> 
            <governor idx="4">scheduled</governor> 
            <dependent idx="6">at</dependent> 
          </dep> 
          <dep type="num"> 
            <governor idx="8">pm</governor> 
            <dependent idx="7">8:00</dependent> 
          </dep> 
          <dep type="pobj"> 
            <governor idx="6">at</governor> 
            <dependent idx="8">pm</dependent> 
          </dep> 
          <dep type="cc"> 
            <governor idx="8">pm</governor> 
            <dependent idx="9">and</dependent> 
          </dep> 
          <dep type="nn"> 
            <governor idx="12">room</governor> 
            <dependent idx="10">Venue</dependent> 
          </dep> 
          <dep type="nn"> 
            <governor idx="12">room</governor> 
            <dependent idx="11">FMC</dependent> 
          </dep> 
          <dep type="conj"> 
            <governor idx="8">pm</governor> 
            <dependent idx="12">room</dependent> 
          </dep> 
          <dep type="nn"> 
            <governor idx="15">SAC</governor> 
            <dependent idx="14">New</dependent> 
          </dep> 
          <dep type="appos"> 
            <governor idx="12">room</governor> 
            <dependent idx="15">SAC</dependent> 
          </dep> 
          <dep type="cc"> 
            <governor idx="4">scheduled</governor> 
            <dependent idx="16">and</dependent> 
          </dep> 
          <dep type="conj"> 
            <governor idx="4">scheduled</governor> 
            <dependent idx="17">be</dependent> 
          </dep> 
          <dep type="advmod"> 
            <governor idx="17">be</governor> 
            <dependent idx="18">there</dependent> 
          </dep> 
          <dep type="prep"> 
            <governor idx="17">be</governor> 
            <dependent idx="19">on</dependent> 
          </dep> 
          <dep type="pobj"> 
            <governor idx="19">on</governor> 
            <dependent idx="20">time</dependent> 
          </dep> 
        </basic-dependencies> 
        <collapsed-dependencies> 
          <dep type="det"> 
            <governor idx="2">meeting</governor> 
            <dependent idx="1">A</dependent> 
          </dep> 
          <dep type="nsubjpass"> 
            <governor idx="4">scheduled</governor> 
            <dependent idx="2">meeting</dependent> 
          </dep> 
          <dep type="auxpass"> 
            <governor idx="4">scheduled</governor> 
            <dependent idx="3">is</dependent> 
          </dep> 
          <dep type="tmod"> 
            <governor idx="4">scheduled</governor> 
            <dependent idx="5">today</dependent> 
          </dep> 
          <dep type="num"> 
            <governor idx="8">pm</governor> 
            <dependent idx="7">8:00</dependent> 
          </dep> 
          <dep type="prep_at"> 
            <governor idx="4">scheduled</governor> 
            <dependent idx="8">pm</dependent> 
          </dep> 
          <dep type="nn"> 
            <governor idx="12">room</governor> 
            <dependent idx="10">Venue</dependent> 
          </dep> 
          <dep type="nn"> 
            <governor idx="12">room</governor> 
            <dependent idx="11">FMC</dependent> 
          </dep> 
          <dep type="conj_and"> 
            <governor idx="8">pm</governor> 
            <dependent idx="12">room</dependent> 
          </dep> 
          <dep type="nn"> 
            <governor idx="15">SAC</governor> 
            <dependent idx="14">New</dependent> 
          </dep> 
          <dep type="appos"> 
            <governor idx="12">room</governor> 
            <dependent idx="15">SAC</dependent> 
          </dep> 
          <dep type="conj_and"> 
            <governor idx="4">scheduled</governor> 
            <dependent idx="17">be</dependent> 
          </dep> 
          <dep type="advmod"> 
            <governor idx="17">be</governor> 
            <dependent idx="18">there</dependent> 
          </dep> 
          <dep type="prep_on"> 
            <governor idx="17">be</governor> 
            <dependent idx="20">time</dependent> 
          </dep> 
        </collapsed-dependencies> 
        <collapsed-ccprocessed-dependencies> 
          <dep type="det"> 
            <governor idx="2">meeting</governor> 
            <dependent idx="1">A</dependent> 
          </dep> 
          <dep type="nsubjpass"> 
            <governor idx="4">scheduled</governor> 
            <dependent idx="2">meeting</dependent> 
          </dep> 
          <dep type="nsubj"> 
            <governor idx="17">be</governor> 
            <dependent idx="2">meeting</dependent> 
          </dep> 
          <dep type="auxpass"> 
            <governor idx="4">scheduled</governor> 
            <dependent idx="3">is</dependent> 
          </dep> 
          <dep type="tmod"> 
            <governor idx="4">scheduled</governor> 
            <dependent idx="5">today</dependent> 
          </dep> 
          <dep type="num"> 
            <governor idx="8">pm</governor> 
            <dependent idx="7">8:00</dependent> 
          </dep> 
          <dep type="prep_at"> 
            <governor idx="4">scheduled</governor> 
            <dependent idx="8">pm</dependent> 
          </dep> 
          <dep type="nn"> 
            <governor idx="12">room</governor> 
            <dependent idx="10">Venue</dependent> 
          </dep> 
          <dep type="nn"> 
            <governor idx="12">room</governor> 
            <dependent idx="11">FMC</dependent> 
          </dep> 
          <dep type="prep_at"> 
            <governor idx="4">scheduled</governor> 
            <dependent idx="12">room</dependent> 
          </dep> 
          <dep type="conj_and"> 
            <governor idx="8">pm</governor> 
            <dependent idx="12">room</dependent> 
          </dep> 
          <dep type="nn"> 
            <governor idx="15">SAC</governor> 
            <dependent idx="14">New</dependent> 
          </dep> 
          <dep type="appos"> 
            <governor idx="12">room</governor> 
            <dependent idx="15">SAC</dependent> 
          </dep> 
          <dep type="conj_and"> 
            <governor idx="4">scheduled</governor> 
            <dependent idx="17">be</dependent> 
          </dep> 
          <dep type="advmod"> 
            <governor idx="17">be</governor> 
            <dependent idx="18">there</dependent> 
          </dep> 
          <dep type="prep_on"> 
            <governor idx="17">be</governor> 
            <dependent idx="20">time</dependent> 
          </dep> 
        </collapsed-ccprocessed-dependencies> 
      </sentence> 
    </sentences> 
    <coreference> 
      <coreference> 
        <mention representative="true"> 
          <sentence>1</sentence> 
          <start>10</start> 
          <end>16</end> 
          <head>12</head> 
        </mention> 
        <mention> 
          <sentence>1</sentence> 
          <start>10</start> 
          <end>13</end> 
          <head>12</head> 
        </mention> 
        <mention> 
          <sentence>1</sentence> 
          <start>14</start> 
          <end>16</end> 
          <head>15</head> 
        </mention> 
      </coreference> 
    </coreference> 
  </document> 
</root> 
