<?xml version="1.0" encoding="UTF-8"?> 
<?xml-stylesheet href="CoreNLP-to-HTML.xsl" type="text/xsl"?> 
<root> 
  <document> 
    <sentences> 
      <sentence id="1"> 
        <tokens> 
          <token id="1"> 
            <word>A</word> 
            <lemma>a</lemma> 
            <CharacterOffsetBegin>0</CharacterOffsetBegin> 
            <CharacterOffsetEnd>1</CharacterOffsetEnd> 
            <POS>DT</POS> 
            <NER>O</NER> 
          </token> 
          <token id="2"> 
            <word>meeting</word> 
            <lemma>meeting</lemma> 
            <CharacterOffsetBegin>2</CharacterOffsetBegin> 
            <CharacterOffsetEnd>9</CharacterOffsetEnd> 
            <POS>NN</POS> 
            <NER>O</NER> 
          </token> 
          <token id="3"> 
            <word>is</word> 
            <lemma>be</lemma> 
            <CharacterOffsetBegin>10</CharacterOffsetBegin> 
            <CharacterOffsetEnd>12</CharacterOffsetEnd> 
            <POS>VBZ</POS> 
            <NER>O</NER> 
          </token> 
          <token id="4"> 
            <word>scheduled</word> 
            <lemma>schedule</lemma> 
            <CharacterOffsetBegin>13</CharacterOffsetBegin> 
            <CharacterOffsetEnd>22</CharacterOffsetEnd> 
            <POS>VBN</POS> 
            <NER>O</NER> 
          </token> 
          <token id="5"> 
            <word>today</word> 
            <lemma>today</lemma> 
            <CharacterOffsetBegin>23</CharacterOffsetBegin> 
            <CharacterOffsetEnd>28</CharacterOffsetEnd> 
            <POS>NN</POS> 
            <NER>DATE</NER> 
            <NormalizedNER>THIS P1D INTERSECT T20:00</NormalizedNER> 
            <Timex tid="t1" type="DATE"/> 
          </token> 
          <token id="6"> 
            <word>at</word> 
            <lemma>at</lemma> 
            <CharacterOffsetBegin>29</CharacterOffsetBegin> 
            <CharacterOffsetEnd>31</CharacterOffsetEnd> 
            <POS>IN</POS> 
            <NER>DATE</NER> 
            <NormalizedNER>THIS P1D INTERSECT T20:00</NormalizedNER> 
            <Timex tid="t1" type="DATE"/> 
          </token> 
          <token id="7"> 
            <word>8:00</word> 
            <lemma>8:00</lemma> 
            <CharacterOffsetBegin>32</CharacterOffsetBegin> 
            <CharacterOffsetEnd>36</CharacterOffsetEnd> 
            <POS>CD</POS> 
            <NER>DATE</NER> 
            <NormalizedNER>THIS P1D INTERSECT T20:00</NormalizedNER> 
            <Timex tid="t1" type="DATE"/> 
          </token> 
          <token id="8"> 
            <word>pm</word> 
            <lemma>pm</lemma> 
            <CharacterOffsetBegin>36</CharacterOffsetBegin> 
            <CharacterOffsetEnd>38</CharacterOffsetEnd> 
            <POS>NN</POS> 
            <NER>DATE</NER> 
            <NormalizedNER>THIS P1D INTERSECT T20:00</NormalizedNER> 
            <Timex tid="t1" type="DATE"/> 
          </token> 
          <token id="9"> 
            <word>and</word> 
            <lemma>and</lemma> 
            <CharacterOffsetBegin>39</CharacterOffsetBegin> 
            <CharacterOffsetEnd>42</CharacterOffsetEnd> 
            <POS>CC</POS> 
            <NER>O</NER> 
          </token> 
          <token id="10"> 
            <word>Venue</word> 
            <lemma>Venue</lemma> 
            <CharacterOffsetBegin>43</CharacterOffsetBegin> 
            <CharacterOffsetEnd>48</CharacterOffsetEnd> 
            <POS>NNP</POS> 
            <NER>LOCATION</NER> 
          </token> 
          <token id="11"> 
            <word>Kanpur</word> 
            <lemma>Kanpur</lemma> 
            <CharacterOffsetBegin>49</CharacterOffsetBegin> 
            <CharacterOffsetEnd>55</CharacterOffsetEnd> 
            <POS>NNP</POS> 
            <NER>LOCATION</NER> 
          </token> 
          <token id="12"> 
            <word>and</word> 
            <lemma>and</lemma> 
            <CharacterOffsetBegin>56</CharacterOffsetBegin> 
            <CharacterOffsetEnd>59</CharacterOffsetEnd> 
            <POS>CC</POS> 
            <NER>O</NER> 
          </token> 
          <token id="13"> 
            <word>be</word> 
            <lemma>be</lemma> 
            <CharacterOffsetBegin>60</CharacterOffsetBegin> 
            <CharacterOffsetEnd>62</CharacterOffsetEnd> 
            <POS>VB</POS> 
            <NER>O</NER> 
          </token> 
          <token id="14"> 
            <word>there</word> 
            <lemma>there</lemma> 
            <CharacterOffsetBegin>63</CharacterOffsetBegin> 
            <CharacterOffsetEnd>68</CharacterOffsetEnd> 
            <POS>RB</POS> 
            <NER>O</NER> 
          </token> 
          <token id="15"> 
            <word>on</word> 
            <lemma>on</lemma> 
            <CharacterOffsetBegin>69</CharacterOffsetBegin> 
            <CharacterOffsetEnd>71</CharacterOffsetEnd> 
            <POS>IN</POS> 
            <NER>O</NER> 
          </token> 
          <token id="16"> 
            <word>time</word> 
            <lemma>time</lemma> 
            <CharacterOffsetBegin>72</CharacterOffsetBegin> 
            <CharacterOffsetEnd>76</CharacterOffsetEnd> 
            <POS>NN</POS> 
            <NER>O</NER> 
          </token> 
          <token id="17"> 
            <word>.</word> 
            <lemma>.</lemma> 
            <CharacterOffsetBegin>76</CharacterOffsetBegin> 
            <CharacterOffsetEnd>77</CharacterOffsetEnd> 
            <POS>.</POS> 
            <NER>O</NER> 
          </token> 
        </tokens> 
        <parse>(ROOT (S (NP (DT A) (NN meeting)) (VP (VBZ is) (VP (VP (VBN scheduled) (NP-TMP (NN today)) (PP (IN at) (NP (NP (CD 8:00) (NN pm)) (CC and) (NP (NNP Venue) (NNP Kanpur))))) (CC and) (VP (VB be) (ADVP (RB there)) (PP (IN on) (NP (NN time)))))) (. .))) </parse> 
        <basic-dependencies> 
          <dep type="det"> 
            <governor idx="2">meeting</governor> 
            <dependent idx="1">A</dependent> 
          </dep> 
          <dep type="nsubjpass"> 
            <governor idx="4">scheduled</governor> 
            <dependent idx="2">meeting</dependent> 
          </dep> 
          <dep type="auxpass"> 
            <governor idx="4">scheduled</governor> 
            <dependent idx="3">is</dependent> 
          </dep> 
          <dep type="tmod"> 
            <governor idx="4">scheduled</governor> 
            <dependent idx="5">today</dependent> 
          </dep> 
          <dep type="prep"> 
            <governor idx="4">scheduled</governor> 
            <dependent idx="6">at</dependent> 
          </dep> 
          <dep type="num"> 
            <governor idx="8">pm</governor> 
            <dependent idx="7">8:00</dependent> 
          </dep> 
          <dep type="pobj"> 
            <governor idx="6">at</governor> 
            <dependent idx="8">pm</dependent> 
          </dep> 
          <dep type="cc"> 
            <governor idx="8">pm</governor> 
            <dependent idx="9">and</dependent> 
          </dep> 
          <dep type="nn"> 
            <governor idx="11">Kanpur</governor> 
            <dependent idx="10">Venue</dependent> 
          </dep> 
          <dep type="conj"> 
            <governor idx="8">pm</governor> 
            <dependent idx="11">Kanpur</dependent> 
          </dep> 
          <dep type="cc"> 
            <governor idx="4">scheduled</governor> 
            <dependent idx="12">and</dependent> 
          </dep> 
          <dep type="conj"> 
            <governor idx="4">scheduled</governor> 
            <dependent idx="13">be</dependent> 
          </dep> 
          <dep type="advmod"> 
            <governor idx="13">be</governor> 
            <dependent idx="14">there</dependent> 
          </dep> 
          <dep type="prep"> 
            <governor idx="13">be</governor> 
            <dependent idx="15">on</dependent> 
          </dep> 
          <dep type="pobj"> 
            <governor idx="15">on</governor> 
            <dependent idx="16">time</dependent> 
          </dep> 
        </basic-dependencies> 
        <collapsed-dependencies> 
          <dep type="det"> 
            <governor idx="2">meeting</governor> 
            <dependent idx="1">A</dependent> 
          </dep> 
          <dep type="nsubjpass"> 
            <governor idx="4">scheduled</governor> 
            <dependent idx="2">meeting</dependent> 
          </dep> 
          <dep type="auxpass"> 
            <governor idx="4">scheduled</governor> 
            <dependent idx="3">is</dependent> 
          </dep> 
          <dep type="tmod"> 
            <governor idx="4">scheduled</governor> 
            <dependent idx="5">today</dependent> 
          </dep> 
          <dep type="num"> 
            <governor idx="8">pm</governor> 
            <dependent idx="7">8:00</dependent> 
          </dep> 
          <dep type="prep_at"> 
            <governor idx="4">scheduled</governor> 
            <dependent idx="8">pm</dependent> 
          </dep> 
          <dep type="nn"> 
            <governor idx="11">Kanpur</governor> 
            <dependent idx="10">Venue</dependent> 
          </dep> 
          <dep type="conj_and"> 
            <governor idx="8">pm</governor> 
            <dependent idx="11">Kanpur</dependent> 
          </dep> 
          <dep type="conj_and"> 
            <governor idx="4">scheduled</governor> 
            <dependent idx="13">be</dependent> 
          </dep> 
          <dep type="advmod"> 
            <governor idx="13">be</governor> 
            <dependent idx="14">there</dependent> 
          </dep> 
          <dep type="prep_on"> 
            <governor idx="13">be</governor> 
            <dependent idx="16">time</dependent> 
          </dep> 
        </collapsed-dependencies> 
        <collapsed-ccprocessed-dependencies> 
          <dep type="det"> 
            <governor idx="2">meeting</governor> 
            <dependent idx="1">A</dependent> 
          </dep> 
          <dep type="nsubjpass"> 
            <governor idx="4">scheduled</governor> 
            <dependent idx="2">meeting</dependent> 
          </dep> 
          <dep type="nsubj"> 
            <governor idx="13">be</governor> 
            <dependent idx="2">meeting</dependent> 
          </dep> 
          <dep type="auxpass"> 
            <governor idx="4">scheduled</governor> 
            <dependent idx="3">is</dependent> 
          </dep> 
          <dep type="tmod"> 
            <governor idx="4">scheduled</governor> 
            <dependent idx="5">today</dependent> 
          </dep> 
          <dep type="num"> 
            <governor idx="8">pm</governor> 
            <dependent idx="7">8:00</dependent> 
          </dep> 
          <dep type="prep_at"> 
            <governor idx="4">scheduled</governor> 
            <dependent idx="8">pm</dependent> 
          </dep> 
          <dep type="nn"> 
            <governor idx="11">Kanpur</governor> 
            <dependent idx="10">Venue</dependent> 
          </dep> 
          <dep type="prep_at"> 
            <governor idx="4">scheduled</governor> 
            <dependent idx="11">Kanpur</dependent> 
          </dep> 
          <dep type="conj_and"> 
            <governor idx="8">pm</governor> 
            <dependent idx="11">Kanpur</dependent> 
          </dep> 
          <dep type="conj_and"> 
            <governor idx="4">scheduled</governor> 
            <dependent idx="13">be</dependent> 
          </dep> 
          <dep type="advmod"> 
            <governor idx="13">be</governor> 
            <dependent idx="14">there</dependent> 
          </dep> 
          <dep type="prep_on"> 
            <governor idx="13">be</governor> 
            <dependent idx="16">time</dependent> 
          </dep> 
        </collapsed-ccprocessed-dependencies> 
      </sentence> 
    </sentences> 
  </document> 
</root> 
